{"cameraMode":{"drawMode":0,"name":"Shaded","section":"Shading Mode"},"sceneLighting":false,"audioPlay":false,"sceneViewState":{"m_AlwaysRefresh":false,"showFog":true,"showSkybox":false,"showFlares":true,"showImageEffects":true,"showParticleSystems":true,"showVisualEffectGraphs":true,"m_FxEnabled":true},"in2DMode":false,"pivot":{"x":1.0626335144042969,"y":0.0005230158567428589,"z":-3.8744993209838869},"rotation":{"x":-0.20796652138233186,"y":0.7452996969223023,"z":-0.27062690258026125,"w":-0.5727294683456421},"size":4.25330924987793,"orthographic":false}